year,segment,total,income,growth
Dec-99,All,100,100,100
Dec-99,Retail,100,100,100
Dec-99,Office,100,100,100
Dec-99,Industrial,100,100,100
Dec-99,Residential,100,100,100
Dec-99,Calgary,100,100,100
Dec-99,Montreal,100,100,100
Dec-99,Toronto,100,100,100
Dec-99,Vancouver,100,100,100
Dec-99,Edmonton,100,100,100
Dec-99,Ottawa,100,100,100
Mar-00,All,102.4,102.1,100.4
Mar-00,Retail,101.9,102.1,99.8
Mar-00,Office,102.8,102,100.7
Mar-00,Industrial,102.9,102.3,100.6
Mar-00,Residential,102.6,101.8,100.7
Mar-00,Calgary,102,101.9,100.1
Mar-00,Montreal,102.8,102.4,100.5
Mar-00,Toronto,102.1,102,100.2
Mar-00,Vancouver,102.4,102,100.4
Mar-00,Edmonton,100.9,101.9,99
Mar-00,Ottawa,106.6,102.2,104.3
Jun-00,All,104.7,104.2,100.5
Jun-00,Retail,104,104.2,99.8
Jun-00,Office,105.1,104.1,100.9
Jun-00,Industrial,106.2,104.6,101.5
Jun-00,Residential,104.8,103.8,101
Jun-00,Calgary,104,104,100.1
Jun-00,Montreal,105.4,104.8,100.6
Jun-00,Toronto,104.4,104,100.4
Jun-00,Vancouver,104.6,104.1,100.5
Jun-00,Edmonton,103.1,104,99.1
Jun-00,Ottawa,109.6,104.4,105
Sep-00,All,108.1,106.4,101.6
Sep-00,Retail,108.1,106.4,101.6
Sep-00,Office,107.9,106.3,101.5
Sep-00,Industrial,108.9,107,101.9
Sep-00,Residential,107.8,105.9,101.8
Sep-00,Calgary,106.7,106.1,100.6
Sep-00,Montreal,109.3,107.3,101.8
Sep-00,Toronto,107.5,106,101.3
Sep-00,Vancouver,106.5,106.1,100.3
Sep-00,Edmonton,107,106.3,100.6
Sep-00,Ottawa,113.8,106.6,106.8
Dec-00,All,111.9,108.7,102.9
Dec-00,Retail,110.8,108.8,101.8
Dec-00,Office,112.8,108.6,103.9
Dec-00,Industrial,113.6,109.4,103.9
Dec-00,Residential,110.3,107.9,102.2
Dec-00,Calgary,110.8,108.4,102.2
Dec-00,Montreal,115.5,109.9,105.1
Dec-00,Toronto,111.7,108.2,103.3
Dec-00,Vancouver,108.3,108.4,99.9
Dec-00,Edmonton,110,109.2,100.7
Dec-00,Ottawa,118.5,109.1,108.8
Mar-01,All,114.3,111,103.1
Mar-01,Retail,113.1,111.1,101.8
Mar-01,Office,115.3,110.8,104.1
Mar-01,Industrial,116.4,111.9,104.1
Mar-01,Residential,112.7,109.7,102.7
Mar-01,Calgary,113.3,110.5,102.5
Mar-01,Montreal,118.1,112.3,105.2
Mar-01,Toronto,114.2,110.3,103.6
Mar-01,Vancouver,110.5,110.6,99.9
Mar-01,Edmonton,112.1,111.8,100.3
Mar-01,Ottawa,120.8,111.4,108.5
Jun-01,All,116.8,113.2,103.2
Jun-01,Retail,115.3,113.4,101.7
Jun-01,Office,117.9,113,104.4
Jun-01,Industrial,119.5,114.5,104.4
Jun-01,Residential,115,111.6,103.1
Jun-01,Calgary,115.5,112.7,102.5
Jun-01,Montreal,121,114.8,105.4
Jun-01,Toronto,116.6,112.3,103.9
Jun-01,Vancouver,112.6,113,99.6
Jun-01,Edmonton,114.8,114.4,100.4
Jun-01,Ottawa,125,114.1,109.6
Sep-01,All,119.2,115.6,103.1
Sep-01,Retail,117.3,115.9,101.2
Sep-01,Office,120.5,115.4,104.5
Sep-01,Industrial,122.4,117.1,104.6
Sep-01,Residential,118.5,113.7,104.3
Sep-01,Calgary,117.7,114.9,102.5
Sep-01,Montreal,123.8,117.4,105.5
Sep-01,Toronto,119.2,114.4,104.2
Sep-01,Vancouver,115.1,115.5,99.6
Sep-01,Edmonton,116.6,117.2,99.5
Sep-01,Ottawa,128.2,116.9,109.7
Dec-01,All,122.2,118.1,103.5
Dec-01,Retail,119.8,118.4,101.2
Dec-01,Office,123.4,117.8,104.8
Dec-01,Industrial,126.2,119.8,105.4
Dec-01,Residential,123.9,115.9,107
Dec-01,Calgary,119.9,117.4,102.2
Dec-01,Montreal,128,120.1,106.7
Dec-01,Toronto,122.8,116.7,105.2
Dec-01,Vancouver,116,117.9,98.4
Dec-01,Edmonton,122.9,119.8,102.6
Dec-01,Ottawa,132.5,119.6,110.8
Mar-02,All,124.9,120.7,103.5
Mar-02,Retail,122.5,121,101.3
Mar-02,Office,126,120.4,104.7
Mar-02,Industrial,129.1,122.6,105.3
Mar-02,Residential,126.9,117.9,107.6
Mar-02,Calgary,122.5,119.9,102.2
Mar-02,Montreal,130.8,122.7,106.6
Mar-02,Toronto,125.4,119.1,105.3
Mar-02,Vancouver,118.3,120.4,98.3
Mar-02,Edmonton,125.9,122.8,102.5
Mar-02,Ottawa,135.6,122.4,110.8
Jun-02,All,127.6,123.4,103.5
Jun-02,Retail,125.1,123.7,101.2
Jun-02,Office,128.7,123.1,104.6
Jun-02,Industrial,132.6,125.5,105.6
Jun-02,Residential,129.4,120,107.9
Jun-02,Calgary,124.8,122.5,101.9
Jun-02,Montreal,133.7,125.4,106.6
Jun-02,Toronto,128,121.6,105.3
Jun-02,Vancouver,120.9,123.2,98.2
Jun-02,Edmonton,129.2,126,102.6
Jun-02,Ottawa,139.1,125.6,110.9
Sep-02,All,130.3,126,103.4
Sep-02,Retail,127.9,126.4,101.2
Sep-02,Office,131.1,125.7,104.3
Sep-02,Industrial,135.7,128.5,105.6
Sep-02,Residential,132.7,122.2,108.6
Sep-02,Calgary,127.3,125.1,101.8
Sep-02,Montreal,136.4,128.1,106.5
Sep-02,Toronto,130.6,124,105.3
Sep-02,Vancouver,123.1,125.8,97.8
Sep-02,Edmonton,132.7,129.1,102.9
Sep-02,Ottawa,142,128.4,110.6
Dec-02,All,133.1,128.7,103.4
Dec-02,Retail,133,129.2,102.9
Dec-02,Office,131.6,128.3,102.6
Dec-02,Industrial,139.8,131.5,106.4
Dec-02,Residential,136.1,124.4,109.5
Dec-02,Calgary,129.3,127.7,101.3
Dec-02,Montreal,136.1,130.9,104
Dec-02,Toronto,133.4,126.5,105.5
Dec-02,Vancouver,124.4,128.5,96.9
Dec-02,Edmonton,134.9,132,102.2
Dec-02,Ottawa,147.3,131.7,111.9
Mar-03,All,136,131.3,103.5
Mar-03,Retail,136.1,131.9,103.2
Mar-03,Office,134.3,130.9,102.6
Mar-03,Industrial,143.3,134.4,106.6
Mar-03,Residential,138.1,126.3,109.4
Mar-03,Calgary,131.9,130.3,101.2
Mar-03,Montreal,138.8,133.5,104
Mar-03,Toronto,136.7,129,106
Mar-03,Vancouver,126.5,131.1,96.5
Mar-03,Edmonton,137.8,134.9,102.2
Mar-03,Ottawa,150.8,134.7,112
Jun-03,All,138.6,134,103.4
Jun-03,Retail,139.2,134.7,103.4
Jun-03,Office,136.6,133.6,102.3
Jun-03,Industrial,147.2,137.4,107.1
Jun-03,Residential,140.2,128.5,109.2
Jun-03,Calgary,134.4,133,101.1
Jun-03,Montreal,142.5,136.3,104.6
Jun-03,Toronto,139,131.4,105.8
Jun-03,Vancouver,128.3,133.7,96
Jun-03,Edmonton,141.2,137.8,102.5
Jun-03,Ottawa,154.8,137.9,112.4
Sep-03,All,141.4,136.8,103.4
Sep-03,Retail,142.2,137.5,103.4
Sep-03,Office,139.1,136.3,102.1
Sep-03,Industrial,151.1,140.5,107.6
Sep-03,Residential,141.7,130.7,108.5
Sep-03,Calgary,137.3,135.8,101.1
Sep-03,Montreal,145.2,138.9,104.6
Sep-03,Toronto,141.4,134,105.6
Sep-03,Vancouver,130.7,136.4,95.8
Sep-03,Edmonton,144.4,140.9,102.5
Sep-03,Ottawa,158.7,141.2,112.5
Dec-03,All,144.4,139.6,103.4
Dec-03,Retail,149.1,140.6,106.1
Dec-03,Office,138.7,139,99.8
Dec-03,Industrial,156.2,143.6,108.8
Dec-03,Residential,143.2,132.7,107.9
Dec-03,Calgary,141.5,138.6,102.1
Dec-03,Montreal,144.7,141.8,102.1
Dec-03,Toronto,142.1,136.6,104.1
Dec-03,Vancouver,135.8,139.1,97.6
Dec-03,Edmonton,149.3,144.2,103.6
Dec-03,Ottawa,166.5,144.6,115.3
Mar-04,All,147.4,142.4,103.5
Mar-04,Retail,152.3,143.4,106.2
Mar-04,Office,141.7,141.9,99.9
Mar-04,Industrial,160.1,146.7,109.3
Mar-04,Residential,145.4,134.6,108.1
Mar-04,Calgary,144.7,141.6,102.3
Mar-04,Montreal,147.6,144.7,102
Mar-04,Toronto,145,139.1,104.3
Mar-04,Vancouver,138.3,141.7,97.6
Mar-04,Edmonton,152.5,147.3,103.6
Mar-04,Ottawa,170.8,147.7,115.8
Jun-04,All,151,145.3,103.9
Jun-04,Retail,155.5,146.3,106.3
Jun-04,Office,145.4,144.8,100.4
Jun-04,Industrial,165.4,149.8,110.5
Jun-04,Residential,148,136.8,108.3
Jun-04,Calgary,148.2,144.6,102.5
Jun-04,Montreal,152,147.4,103.2
Jun-04,Toronto,148.4,141.7,104.7
Jun-04,Vancouver,141.6,144.4,98
Jun-04,Edmonton,156.5,150.6,104
Jun-04,Ottawa,174.8,150.8,116.1
Sep-04,All,154.2,148.3,104
Sep-04,Retail,158.8,149.3,106.4
Sep-04,Office,148.5,147.8,100.5
Sep-04,Industrial,169.4,153,110.8
Sep-04,Residential,150.5,139.1,108.2
Sep-04,Calgary,152.1,147.8,102.9
Sep-04,Montreal,154.9,150.4,103
Sep-04,Toronto,151.3,144.5,104.8
Sep-04,Vancouver,144.4,147.2,98
Sep-04,Edmonton,160.6,154,104.3
Sep-04,Ottawa,178.4,153.9,116.1
Dec-04,All,163,151.2,107.8
Dec-04,Retail,173.4,152.4,113.9
Dec-04,Office,153.6,150.7,102
Dec-04,Industrial,178.7,156.4,114.3
Dec-04,Residential,151.9,141.4,107.4
Dec-04,Calgary,164.5,150.9,109
Dec-04,Montreal,162.2,153.4,105.8
Dec-04,Toronto,158,147.1,107.4
Dec-04,Vancouver,152,150.1,101.3
Dec-04,Edmonton,164.8,157.4,104.7
Dec-04,Ottawa,191.2,157.2,121.8
Mar-05,All,167.4,154.1,108.7
Mar-05,Retail,178.3,155.2,114.9
Mar-05,Office,157.6,153.6,102.6
Mar-05,Industrial,184.5,159.6,115.7
Mar-05,Residential,155.9,143.7,108.6
Mar-05,Calgary,168.9,154,109.7
Mar-05,Montreal,165.4,156.2,106
Mar-05,Toronto,163,149.8,108.9
Mar-05,Vancouver,155.9,152.9,102
Mar-05,Edmonton,170,160.9,105.7
Mar-05,Ottawa,196.7,160.2,123
Jun-05,All,172.6,157.1,110
Jun-05,Retail,182.3,158.1,115.4
Jun-05,Office,163.3,156.7,104.2
Jun-05,Industrial,193.9,162.9,119.2
Jun-05,Residential,160.4,146,109.9
Jun-05,Calgary,176.8,157.1,112.6
Jun-05,Montreal,168.8,159.1,106.1
Jun-05,Toronto,167.5,152.6,109.9
Jun-05,Vancouver,161.3,155.8,103.6
Jun-05,Edmonton,179.5,164.4,109.3
Jun-05,Ottawa,203.1,163.4,124.5
Sep-05,All,177.1,160,110.8
Sep-05,Retail,186.2,161.1,115.7
Sep-05,Office,167.9,159.8,105.1
Sep-05,Industrial,200.5,166.1,120.9
Sep-05,Residential,165.5,148.5,111.5
Sep-05,Calgary,184.4,160.3,115.1
Sep-05,Montreal,171.6,162,106
Sep-05,Toronto,171.5,155.3,110.5
Sep-05,Vancouver,165.8,158.7,104.5
Sep-05,Edmonton,187.4,168.1,111.6
Sep-05,Ottawa,207.8,166.6,125
Dec-05,All,193.5,163,118.8
Dec-05,Retail,210.9,164.1,128.7
Dec-05,Office,181.3,162.7,111.5
Dec-05,Industrial,209.4,169.2,123.9
Dec-05,Residential,166.9,150.7,110.8
Dec-05,Calgary,206.1,163.4,126.4
Dec-05,Montreal,186.4,164.8,113.2
Dec-05,Toronto,183.8,158.2,116.3
Dec-05,Vancouver,184.1,161.6,114
Dec-05,Edmonton,206.6,171.5,120.6
Dec-05,Ottawa,222.9,169.8,131.5
Mar-06,All,199.1,165.8,120.2
Mar-06,Retail,215.1,166.8,129.2
Mar-06,Office,187.9,165.6,113.6
Mar-06,Industrial,216.9,172.4,126
Mar-06,Residential,172.2,153,112.6
Mar-06,Calgary,217.6,166.3,131.1
Mar-06,Montreal,189.7,167.5,113.3
Mar-06,Toronto,187.7,160.8,116.9
Mar-06,Vancouver,191.2,164.4,116.5
Mar-06,Edmonton,216.4,174.9,124
Mar-06,Ottawa,228.3,172.8,132.4
Jun-06,All,206,168.7,122.3
Jun-06,Retail,219.7,169.6,129.7
Jun-06,Office,195.9,168.6,116.3
Jun-06,Industrial,228.6,175.5,130.5
Jun-06,Residential,178.8,155.4,115.2
Jun-06,Calgary,230.6,169.2,136.5
Jun-06,Montreal,195.3,170.4,114.7
Jun-06,Toronto,192.6,163.5,117.9
Jun-06,Vancouver,199.7,167.2,119.6
Jun-06,Edmonton,232.4,178.1,130.7
Jun-06,Ottawa,234.1,175.8,133.4
Sep-06,All,211.6,171.6,123.4
Sep-06,Retail,224,172.4,130.1
Sep-06,Office,201.7,171.6,117.7
Sep-06,Industrial,237,178.5,133
Sep-06,Residential,185.9,158.1,117.7
Sep-06,Calgary,239.4,172.2,139.3
Sep-06,Montreal,201.7,173.3,116.5
Sep-06,Toronto,197.1,166.3,118.6
Sep-06,Vancouver,204.8,170,120.6
Sep-06,Edmonton,241.4,181.6,133.2
Sep-06,Ottawa,240,178.9,134.4
Dec-06,All,228.4,174.5,131.1
Dec-06,Retail,245.5,175.4,140.3
Dec-06,Office,218.1,174.4,125.2
Dec-06,Industrial,247,181.6,136.3
Dec-06,Residential,191.5,160.5,119.5
Dec-06,Calgary,265.6,175.1,152.1
Dec-06,Montreal,221.1,176.2,125.6
Dec-06,Toronto,207.2,169,122.8
Dec-06,Vancouver,225.2,172.8,130.6
Dec-06,Edmonton,271.8,184.9,147.4
Dec-06,Ottawa,252.7,182,139.2
Mar-07,All,234.7,177.2,132.7
Mar-07,Retail,250.8,178.1,141.1
Mar-07,Office,225.3,177.2,127.4
Mar-07,Industrial,253.7,184.5,137.8
Mar-07,Residential,198.8,162.9,122.2
Mar-07,Calgary,273.2,177.8,154.1
Mar-07,Montreal,225.7,178.9,126.3
Mar-07,Toronto,213.4,171.6,124.5
Mar-07,Vancouver,232.9,175.4,133
Mar-07,Edmonton,283.2,187.9,151.1
Mar-07,Ottawa,260.2,185,141
Jun-07,All,242.5,180.1,134.9
Jun-07,Retail,256.3,180.8,142.1
Jun-07,Office,234.9,180.1,130.6
Jun-07,Industrial,262.6,187.6,140.3
Jun-07,Residential,206.9,165.4,125.2
Jun-07,Calgary,284.2,180.6,157.8
Jun-07,Montreal,233,181.8,128.4
Jun-07,Toronto,218.9,174.3,125.7
Jun-07,Vancouver,245.2,178.1,137.9
Jun-07,Edmonton,299.2,190.8,157.2
Jun-07,Ottawa,266.7,188.1,142.2
Sep-07,All,249.5,182.9,136.7
Sep-07,Retail,261.1,183.6,142.6
Sep-07,Office,243.1,183,133
Sep-07,Industrial,271,190.7,142.5
Sep-07,Residential,218.1,168,130
Sep-07,Calgary,297.1,183.5,162.4
Sep-07,Montreal,237.4,184.7,128.7
Sep-07,Toronto,224.8,177.1,127.1
Sep-07,Vancouver,252.2,180.8,139.7
Sep-07,Edmonton,314.6,193.9,162.7
Sep-07,Ottawa,273.3,191.4,143.2
Dec-07,All,264.7,185.8,142.8
Dec-07,Retail,278.2,186.5,149.5
Dec-07,Office,260.5,185.8,140.5
Dec-07,Industrial,277.6,193.7,143.6
Dec-07,Residential,225.2,170.4,132.3
Dec-07,Calgary,318.7,186.3,171.6
Dec-07,Montreal,249,187.6,133
Dec-07,Toronto,236.6,179.9,131.8
Dec-07,Vancouver,272.6,183.4,148.9
Dec-07,Edmonton,348.1,196.9,177.4
Dec-07,Ottawa,286.5,194.5,147.7
Mar-08,All,270.4,188.5,143.7
Mar-08,Retail,282.5,189.2,149.6
Mar-08,Office,268.1,188.7,142.4
Mar-08,Industrial,282.9,196.8,144.1
Mar-08,Residential,230.6,172.9,133.6
Mar-08,Calgary,325.4,189.2,172.6
Mar-08,Montreal,253.5,190.3,133.5
Mar-08,Toronto,240.8,182.5,132.1
Mar-08,Vancouver,280,185.9,150.9
Mar-08,Edmonton,363.9,199.8,182.8
Mar-08,Ottawa,297.1,197.4,151
Jun-08,All,275.3,191.4,144.2
Jun-08,Retail,286.2,191.9,149.5
Jun-08,Office,275.5,191.6,144.1
Jun-08,Industrial,283.8,199.9,142.3
Jun-08,Residential,236.2,175.4,134.9
Jun-08,Calgary,333.7,192.1,174.3
Jun-08,Montreal,258.8,193.1,134.2
Jun-08,Toronto,243.6,185.3,131.6
Jun-08,Vancouver,289.3,188.5,153.8
Jun-08,Edmonton,375.3,202.6,185.9
Jun-08,Ottawa,302.1,200.6,151
Sep-08,All,280.5,194.3,144.7
Sep-08,Retail,290.4,194.7,149.5
Sep-08,Office,281.7,194.6,145.1
Sep-08,Industrial,288.5,203.1,142.4
Sep-08,Residential,242.4,178,136.4
Sep-08,Calgary,341.4,195,175.6
Sep-08,Montreal,264,196,134.9
Sep-08,Toronto,247.6,188.2,131.8
Sep-08,Vancouver,294.8,191.2,154.5
Sep-08,Edmonton,384.5,205.5,187.8
Sep-08,Ottawa,307.7,203.7,151.4
Dec-08,All,274.5,197.2,139.5
Dec-08,Retail,278.7,197.7,141.2
Dec-08,Office,280.2,197.7,142.1
Dec-08,Industrial,283,206.3,137.5
Dec-08,Residential,239.6,180.5,133
Dec-08,Calgary,342,198.1,173.2
Dec-08,Montreal,250.4,199,126
Dec-08,Toronto,242.7,191.1,127.2
Dec-08,Vancouver,291.8,193.9,150.8
Dec-08,Edmonton,386.8,208.6,186.1
Dec-08,Ottawa,301.7,207,146.2
Mar-09,All,274.1,200.4,137.1
Mar-09,Retail,280.7,200.8,140.1
Mar-09,Office,278.1,200.9,138.7
Mar-09,Industrial,280.8,209.6,134.2
Mar-09,Residential,240.5,183.1,131.6
Mar-09,Calgary,338.2,201.3,168.5
Mar-09,Montreal,252.6,202.4,125
Mar-09,Toronto,242,194.1,124.8
Mar-09,Vancouver,289.6,196.7,147.5
Mar-09,Edmonton,387.8,211.6,183.9
Mar-09,Ottawa,304.2,210.6,144.8
Jun-09,All,272.2,203.7,133.8
Jun-09,Retail,279.3,204,137.2
Jun-09,Office,277.4,204.4,136
Jun-09,Industrial,274,213.2,128.7
Jun-09,Residential,244,185.8,131.5
Jun-09,Calgary,333.8,204.6,163.6
Jun-09,Montreal,249.3,206,121.1
Jun-09,Toronto,240.9,197.3,122.2
Jun-09,Vancouver,286.4,199.7,143.7
Jun-09,Edmonton,386.6,214.8,180.6
Jun-09,Ottawa,303.4,214.3,141.9
Sep-09,All,273.4,207.1,132.2
Sep-09,Retail,282.9,207.3,136.8
Sep-09,Office,277.5,208,133.6
Sep-09,Industrial,273.2,217,126.1
Sep-09,Residential,243.3,188.7,129.1
Sep-09,Calgary,331,208.1,159.5
Sep-09,Montreal,250.3,209.6,119.5
Sep-09,Toronto,242.3,200.6,120.9
Sep-09,Vancouver,288.4,202.9,142.4
Sep-09,Edmonton,387.1,218.2,178
Sep-09,Ottawa,306.8,218.2,140.9
Dec-09,All,272.6,210.7,129.6
Dec-09,Retail,288.7,210.9,137.2
Dec-09,Office,272.2,211.6,128.8
Dec-09,Industrial,268.6,220.8,121.8
Dec-09,Residential,244.3,191.4,127.8
Dec-09,Calgary,316.4,211.8,149.8
Dec-09,Montreal,252.7,213.4,118.6
Dec-09,Toronto,242.2,204,118.8
Dec-09,Vancouver,290.1,206.2,141
Dec-09,Edmonton,389.2,221.6,176.2
Dec-09,Ottawa,310.6,222,140.2
Mar-10,All,269.6,214.2,129.1
Mar-10,Retail,276.1,214.3,137.1
Mar-10,Office,293.2,215.3,127.6
Mar-10,Industrial,274.4,224.8,121.7
Mar-10,Residential,273.1,194.3,128.4
Mar-10,Calgary,249.1,215.6,148.7
Mar-10,Montreal,319.8,216.8,118.3
Mar-10,Toronto,256.2,207.3,118.4
Mar-10,Vancouver,245.2,209.4,141.3
Mar-10,Edmonton,295.4,225.2,173.9
Mar-10,Ottawa,390.4,225.9,139.5
Jun-10,All,283.5,217.8,130.4
Jun-10,Retail,305.8,217.7,140.7
Jun-10,Office,279.3,219.1,127.7
Jun-10,Industrial,277.8,228.8,121.6
Jun-10,Residential,253.9,197.2,128.9
Jun-10,Calgary,324.6,219.5,148.2
Jun-10,Montreal,263.7,220.5,119.7
Jun-10,Toronto,252.2,210.7,119.8
Jun-10,Vancouver,303.6,212.7,143
Jun-10,Edmonton,401.8,228.9,176.2
Jun-10,Ottawa,321.9,230,140.3
Sep-10,All,288.7,221.5,130.6
Sep-10,Retail,311.6,221.2,141.2
Sep-10,Office,284.1,222.8,127.7
Sep-10,Industrial,282.9,232.7,121.7
Sep-10,Residential,258,200.2,129
Sep-10,Calgary,329.8,223.5,147.9
Sep-10,Montreal,268.4,224.2,119.8
Sep-10,Toronto,256.6,214,120
Sep-10,Vancouver,310.1,216.1,143.8
Sep-10,Edmonton,405.2,232.7,174.8
Sep-10,Ottawa,329.8,234.2,141.1
Dec-10,All,302.9,225.1,134.8
Dec-10,Retail,333.5,224.9,148.7
Dec-10,Office,295.4,226.6,130.6
Dec-10,Industrial,292.2,236.7,123.6
Dec-10,Residential,262.9,203,129.7
Dec-10,Calgary,344.3,227.5,151.7
Dec-10,Montreal,288.6,227.9,126.8
Dec-10,Toronto,268.7,217.4,123.7
Dec-10,Vancouver,329.9,219.6,150.5
Dec-10,Edmonton,415,236.6,176
Dec-10,Ottawa,342.1,238.6,143.7
Mar-11,All,311.3,228.6,136.4
Mar-11,Retail,341.8,228.2,150.1
Mar-11,Office,304.4,230.3,132.4
Mar-11,Industrial,301.5,240.5,125.6
Mar-11,Residential,270.5,205.8,131.6
Mar-11,Calgary,353.2,231.4,153.1
Mar-11,Montreal,294.1,231.5,127.2
Mar-11,Toronto,275.9,220.6,125.2
Mar-11,Vancouver,339.8,222.8,152.9
Mar-11,Edmonton,426.5,240.4,178
Mar-11,Ottawa,350.7,242.3,145.1
Jun-11,All,320.6,232.2,138.4
Jun-11,Retail,351.4,231.6,152.1
Jun-11,Office,314.4,234.1,134.5
Jun-11,Industrial,310.3,244.3,127.2
Jun-11,Residential,275.8,208.7,132.3
Jun-11,Calgary,366.7,235.3,156.2
Jun-11,Montreal,305,235.1,129.9
Jun-11,Toronto,283.9,223.9,127
Jun-11,Vancouver,349,226,154.8
Jun-11,Edmonton,436,244.4,179
Jun-11,Ottawa,358.6,246.2,146
Sep-11,All,327.5,235.8,139.2
Sep-11,Retail,357.6,235,152.6
Sep-11,Office,322.4,237.9,135.8
Sep-11,Industrial,317.5,248.3,128.1
Sep-11,Residential,282.9,211.6,133.9
Sep-11,Calgary,377.2,239.3,158.1
Sep-11,Montreal,310.2,238.8,130.1
Sep-11,Toronto,289.7,227.3,127.6
Sep-11,Vancouver,356.2,229.3,155.7
Sep-11,Edmonton,445.4,248.5,179.9
Sep-11,Ottawa,366.3,250.2,146.8
Dec-11,All,349.6,239.4,146.4
Dec-11,Retail,386.8,238.5,162.6
Dec-11,Office,343.3,241.7,142.3
Dec-11,Industrial,329,252.1,130.7
Dec-11,Residential,293.5,214.6,137
Dec-11,Calgary,416.2,243.2,171.7
Dec-11,Montreal,331.6,242.4,137
Dec-11,Toronto,308.3,230.5,133.9
Dec-11,Vancouver,380,232.5,163.9
Dec-11,Edmonton,472.8,252.5,188
Dec-11,Ottawa,385.4,254.3,152
Mar-12,All,358.7,242.9,148
Mar-12,Retail,394.6,241.9,163.6
Mar-12,Office,354.9,245.5,144.9
Mar-12,Industrial,336.4,256.1,131.6
Mar-12,Residential,302.5,217.5,139.3
Mar-12,Calgary,429.3,247,174.4
Mar-12,Montreal,337.2,245.9,137.4
Mar-12,Toronto,316.1,233.9,135.4
Mar-12,Vancouver,390.1,235.7,166
Mar-12,Edmonton,488.7,256.8,191
Mar-12,Ottawa,393.3,258.1,152.8
Jun-12,All,367.6,246.4,149.5
Jun-12,Retail,401.7,245.1,164.4
Jun-12,Office,366.8,249.3,147.4
Jun-12,Industrial,345.4,260.2,133
Jun-12,Residential,311.3,220.5,141.4
Jun-12,Calgary,444.7,250.7,178
Jun-12,Montreal,346.2,249.4,139.1
Jun-12,Toronto,323.3,237.2,136.6
Jun-12,Vancouver,398.1,238.9,167.1
Jun-12,Edmonton,504.4,261,194.1
Jun-12,Ottawa,402.4,262.1,154
Sep-12,All,375.6,249.9,150.7
Sep-12,Retail,409.3,248.5,165.2
Sep-12,Office,375.5,253,148.7
Sep-12,Industrial,353.7,264.2,134.1
Sep-12,Residential,319.9,223.4,143.5
Sep-12,Calgary,456.7,254.4,180.1
Sep-12,Montreal,351.8,252.9,139.4
Sep-12,Toronto,331.1,240.5,137.9
Sep-12,Vancouver,404.3,242.2,167.4
Sep-12,Edmonton,520.7,264.9,197.3
Sep-12,Ottawa,410.1,266.2,154.5
Dec-12,All,398.7,253.4,157.8
Dec-12,Retail,439,251.8,174.9
Dec-12,Office,397.6,256.6,155.3
Dec-12,Industrial,367.1,268.2,137.1
Dec-12,Residential,340.5,226.1,150.9
Dec-12,Calgary,494.5,258.1,192.3
Dec-12,Montreal,370.5,256.1,145
Dec-12,Toronto,351.2,243.8,144.4
Dec-12,Vancouver,422.1,245.2,172.6
Dec-12,Edmonton,554.5,268.7,207.2
Dec-12,Ottawa,435.6,270,161.8
Mar-13,All,405.5,256.8,158.3
Mar-13,Retail,444.9,255,175
Mar-13,Office,405.6,260.3,156.2
Mar-13,Industrial,375.1,272.2,138.1
Mar-13,Residential,347,228.7,152
Mar-13,Calgary,502.2,261.6,192.7
Mar-13,Montreal,376,259.4,145.2
Mar-13,Toronto,357.5,247.1,145
Mar-13,Vancouver,430.9,248.4,174
Mar-13,Edmonton,570.5,272.8,210.1
Mar-13,Ottawa,441.8,273.5,162
Jun-13,All,415.8,260.3,160.2
Jun-13,Retail,460.1,258.3,178.7
Jun-13,Office,412.7,264.1,156.7
Jun-13,Industrial,383.1,276.4,138.9
Jun-13,Residential,356,231.5,154.1
Jun-13,Calgary,517.1,265.1,195.8
Jun-13,Montreal,387.6,263,147.7
Jun-13,Toronto,364.8,250.5,145.9
Jun-13,Vancouver,441.9,251.5,176.2
Jun-13,Edmonton,583.4,276.7,211.8
Jun-13,Ottawa,452.9,277.2,163.9
Sep-13,All,423.1,263.8,160.8
Sep-13,Retail,467.7,261.5,179.4
Sep-13,Office,420.1,267.8,157.2
Sep-13,Industrial,390.6,280.6,139.5
Sep-13,Residential,362.3,234.2,155
Sep-13,Calgary,525.4,268.7,196.3
Sep-13,Montreal,393.6,266.6,147.9
Sep-13,Toronto,372.1,253.9,146.9
Sep-13,Vancouver,448.6,254.7,176.7
Sep-13,Edmonton,595.7,280.7,213.2
Sep-13,Ottawa,458.5,280.8,163.8
Dec-13,All,442.5,267.3,166
Dec-13,Retail,502,264.9,190.2
Dec-13,Office,431.4,271.6,159.2
Dec-13,Industrial,400.9,284.8,141.1
Dec-13,Residential,374.3,236.9,158.4
Dec-13,Calgary,557.6,272.3,205.6
Dec-13,Montreal,404.7,270.1,150.1
Dec-13,Toronto,390.7,257.3,152.2
Dec-13,Vancouver,468.6,258,182.2
Dec-13,Edmonton,623.9,284.5,220.3
Dec-13,Ottawa,468.1,284.5,165
Mar-14,All,448.9,270.7,166.3
Mar-14,Retail,508,268,190.2
Mar-14,Office,438.2,275.4,159.5
Mar-14,Industrial,409.7,289.1,142.1
Mar-14,Residential,379.7,239.4,158.9
Mar-14,Calgary,566.6,275.7,206.3
Mar-14,Montreal,410.1,273.5,150.3
Mar-14,Toronto,396.1,260.6,152.4
Mar-14,Vancouver,474.7,261.2,182.3
Mar-14,Edmonton,635.6,288.5,221.3
Mar-14,Ottawa,475.5,288,165.6
Jun-14,All,455.3,274.2,166.5
Jun-14,Retail,514.2,271.2,190.3
Jun-14,Office,444.8,279.3,159.6
Jun-14,Industrial,417.1,293.4,142.5
Jun-14,Residential,385.7,242.1,159.7
Jun-14,Calgary,574.8,279.3,206.7
Jun-14,Montreal,415.7,276.9,150.4
Jun-14,Toronto,401.7,264.1,152.4
Jun-14,Vancouver,482,264.4,182.9
Jun-14,Edmonton,645.7,292.6,221.7
Jun-14,Ottawa,479.5,291.5,165
Sep-14,All,461.5,277.8,166.6
Sep-14,Retail,520.2,274.4,190.2
Sep-14,Office,451.2,283.2,159.7
Sep-14,Industrial,424,298,142.6
Sep-14,Residential,392.9,244.8,160.9
Sep-14,Calgary,583.1,282.9,207
Sep-14,Montreal,419.3,280.6,149.7
Sep-14,Toronto,407.6,267.4,152.7
Sep-14,Vancouver,488.4,267.6,183
Sep-14,Edmonton,655.3,296.9,221.8
Sep-14,Ottawa,484.7,295,164.8
Dec-14,All,474.2,281.4,169
Dec-14,Retail,540.2,277.7,195.2
Dec-14,Office,458.7,286.9,160.3
Dec-14,Industrial,435.9,302.5,144.4
Dec-14,Residential,402.8,247.4,163.2
Dec-14,Calgary,605.2,286.6,212.1
Dec-14,Montreal,420.7,284.3,148.3
Dec-14,Toronto,420.4,270.8,155.6
Dec-14,Vancouver,511.9,270.9,189.6
Dec-14,Edmonton,661,301.1,220.5
Dec-14,Ottawa,489.3,298.7,164.3
Mar-15,All,479.3,284.8,168.7
Mar-15,Retail,545.2,280.8,194.8
Mar-15,Office,464.9,290.9,160.2
Mar-15,Industrial,438.1,306.9,143.1
Mar-15,Residential,408.2,249.9,163.7
Mar-15,Calgary,610.9,290.2,211.4
Mar-15,Montreal,425.3,287.6,148.2
Mar-15,Toronto,426,274.2,155.7
Mar-15,Vancouver,519.4,274,190.2
Mar-15,Edmonton,665.6,305.4,218.9
Mar-15,Ottawa,496,302.4,164.5
Jun-15,All,486,288.4,169
Jun-15,Retail,552.9,284,195.4
Jun-15,Office,470.7,294.9,160
Jun-15,Industrial,445.5,311.4,143.4
Jun-15,Residential,415.3,252.7,164.7
Jun-15,Calgary,616.9,293.8,210.8
Jun-15,Montreal,430.9,291.2,148.3
Jun-15,Toronto,432.8,277.5,156.3
Jun-15,Vancouver,526.6,277.3,190.6
Jun-15,Edmonton,673.8,309.9,218.4
Jun-15,Ottawa,501.5,306.5,164.2
Sep-15,All,494.3,292,169.8
Sep-15,Retail,558.8,287.2,195.3
Sep-15,Office,482.5,298.9,161.8
Sep-15,Industrial,452.4,316,143.5
Sep-15,Residential,422.1,255.5,165.6
Sep-15,Calgary,620.8,297.6,209.5
Sep-15,Montreal,436.7,295,148.3
Sep-15,Toronto,444.6,280.8,158.7
Sep-15,Vancouver,535.1,280.6,191.3
Sep-15,Edmonton,682,314.4,217.9
Sep-15,Ottawa,506.9,310.2,163.9
Dec-15,All,512,295.7,173.7
Dec-15,Retail,587.4,290.7,202.9
Dec-15,Office,492.9,302.9,163.2
Dec-15,Industrial,462.5,320.6,144.6
Dec-15,Residential,435.5,258.2,169.1
Dec-15,Calgary,612.9,301.5,204.1
Dec-15,Montreal,446,298.5,149.7
Dec-15,Toronto,474.1,284.3,167.2
Dec-15,Vancouver,575.2,283.9,203.3
Dec-15,Edmonton,683,319,215.1
Dec-15,Ottawa,521.6,314,166.7
Mar-16,All,517.8,299.2,173.6
Mar-16,Retail,593.3,293.8,202.7
Mar-16,Office,498.8,306.9,163
Mar-16,Industrial,467.9,325.1,144.2
Mar-16,Residential,442.3,260.8,170
Mar-16,Calgary,614.9,305.3,202.2
Mar-16,Montreal,451.7,302.1,149.8
Mar-16,Toronto,480.3,287.6,167.5
Mar-16,Vancouver,584.8,287.1,204.4
Mar-16,Edmonton,684.8,323.4,212.7
Mar-16,Ottawa,527.7,317.6,166.7
Jun-16,All,525.1,302.9,173.9
Jun-16,Retail,600.5,297,202.9
Jun-16,Office,506.1,311,163.1
Jun-16,Industrial,475.7,329.9,144.5
Jun-16,Residential,449.7,263.6,171
Jun-16,Calgary,612.8,309.2,199
Jun-16,Montreal,457.4,305.8,149.9
Jun-16,Toronto,488.5,291,168.3
Jun-16,Vancouver,600.1,290.3,207.4
Jun-16,Edmonton,691.4,328.2,211.6
Jun-16,Ottawa,534.8,321.4,166.9
Sep-16,All,531.1,306.6,173.7
Sep-16,Retail,606.3,300.4,202.6
Sep-16,Office,511.8,315.1,162.9
Sep-16,Industrial,482.4,334.6,144.5
Sep-16,Residential,457.7,266.4,172.3
Sep-16,Calgary,615.2,313.2,197.2
Sep-16,Montreal,463.8,309.6,150.1
Sep-16,Toronto,494.5,294.4,168.4
Sep-16,Vancouver,610.9,293.5,208.9
Sep-16,Edmonton,697.5,332.8,210.5
Sep-16,Ottawa,541.1,325.2,166.9
Dec-16,All,541.4,310.3,175
Dec-16,Retail,622.8,303.8,205.8
Dec-16,Office,516.3,319.1,162.2
Dec-16,Industrial,489.9,339.3,144.7
Dec-16,Residential,470.2,269.2,175.2
Dec-16,Calgary,598.9,317.2,189.5
Dec-16,Montreal,461.8,313.2,147.7
Dec-16,Toronto,515.3,297.8,173.5
Dec-16,Vancouver,644.5,296.9,217.9
Dec-16,Edmonton,678.6,337.5,201.9
Dec-16,Ottawa,543.7,329.2,165.7
Mar-17,All,548,314,175.1
Mar-17,Retail,629.9,307.1,205.9
Mar-17,Office,521.7,323.3,161.8
Mar-17,Industrial,498.8,344.1,145.3
Mar-17,Residential,478.5,271.8,176.5
Mar-17,Calgary,602.8,321.3,188.3
Mar-17,Montreal,467.1,316.9,147.7
Mar-17,Toronto,522.9,301.2,174.1
Mar-17,Vancouver,655.9,300.1,219.4
Mar-17,Edmonton,682.2,342.3,200.1
Mar-17,Ottawa,549.2,333.1,165.4
Jun-17,All,556.2,317.7,175.6
Jun-17,Retail,636.5,310.4,205.9
Jun-17,Office,530.8,327.5,162.5
Jun-17,Industrial,509.2,348.8,146.4
Jun-17,Residential,486.8,274.7,177.7
Jun-17,Calgary,606,325.5,186.9
Jun-17,Montreal,471.8,320.7,147.4
Jun-17,Toronto,533.1,304.6,175.5
Jun-17,Vancouver,668.3,303.3,221.2
Jun-17,Edmonton,687.7,347.1,198.9
Jun-17,Ottawa,559.1,337.1,166.4
Sep-17,All,564.4,321.5,176.1
Sep-17,Retail,643,313.7,205.7
Sep-17,Office,539.8,331.6,163.2
Sep-17,Industrial,521.1,353.6,147.7
Sep-17,Residential,494.7,277.7,178.7
Sep-17,Calgary,613.1,329.7,186.6
Sep-17,Montreal,478.1,324.5,147.6
Sep-17,Toronto,542.7,308,176.7
Sep-17,Vancouver,679.9,306.5,222.6
Sep-17,Edmonton,692.5,351.9,197.6
Sep-17,Ottawa,566.1,341.3,166.4
Dec-17,All,575.9,325.3,177.6
Dec-17,Retail,654.4,317.4,207
Dec-17,Office,546,335.6,163.1
Dec-17,Industrial,538.3,358.3,150.6
Dec-17,Residential,516.8,280.5,184.7
Dec-17,Calgary,598.1,334.2,179.6
Dec-17,Montreal,492.6,328,150.5
Dec-17,Toronto,565.5,311.5,182.1
Dec-17,Vancouver,699,309.8,226.5
Dec-17,Edmonton,688,356.9,193.5
Dec-17,Ottawa,579.6,345.4,168.3
Mar-18,All,584.2,329.1,178.1
Mar-18,Retail,661.2,320.8,206.9
Mar-18,Office,554.2,339.9,163.5
Mar-18,Industrial,549.4,363,151.8
Mar-18,Residential,527.4,283.3,186.7
Mar-18,Calgary,603,338.6,178.7
Mar-18,Montreal,497.6,331.5,150.4
Mar-18,Toronto,575.4,314.8,183.3
Mar-18,Vancouver,712.6,313.1,228.5
Mar-18,Edmonton,693.3,362.1,192.2
Mar-18,Ottawa,588.1,349.6,168.8
Jun-18,All,595.8,332.8,179.6
Jun-18,Retail,671.2,324.1,207.9
Jun-18,Office,565.9,344.1,164.9
Jun-18,Industrial,568.6,367.7,155
Jun-18,Residential,538.2,286.2,188.6
Jun-18,Calgary,604.9,343.2,176.8
Jun-18,Montreal,504.4,335,150.9
Jun-18,Toronto,591.7,318.2,186.5
Jun-18,Vancouver,735,316.3,233.3
Jun-18,Edmonton,703.1,367.1,192.3
Jun-18,Ottawa,595.4,353.7,168.9
Sep-18,All,604.7,336.8,180.1
Sep-18,Retail,678,327.7,207.7
Sep-18,Office,574.1,348.3,165.3
Sep-18,Industrial,584.1,372.5,157.3
Sep-18,Residential,547.9,289.3,190
Sep-18,Calgary,612,348,176.4
Sep-18,Montreal,511.8,338.8,151.4
Sep-18,Toronto,602,321.8,187.7
Sep-18,Vancouver,747.7,319.6,234.9
Sep-18,Edmonton,710.5,371.9,191.8
Sep-18,Ottawa,605.1,358.2,169.5
Dec-18,All,617.9,340.6,182
Dec-18,Retail,682.4,331.3,206.8
Dec-18,Office,587.1,352.5,167
Dec-18,Industrial,611.9,377.2,162.7
Dec-18,Residential,570.8,292.1,196
Dec-18,Calgary,606.6,352.8,172.5
Dec-18,Montreal,527,342.8,154.1
Dec-18,Toronto,625.2,325.1,192.9
Dec-18,Vancouver,772.6,322.9,240.3
Dec-18,Edmonton,707.9,376.4,188.8
Dec-18,Ottawa,623.2,362.7,172.4
Mar-19,All,627.8,344.4,182.9
Mar-19,Retail,688.8,334.8,206.6
Mar-19,Office,596.2,356.8,167.6
Mar-19,Industrial,630.6,381.9,165.6
Mar-19,Residential,584.4,294.8,198.8
Mar-19,Calgary,612.3,357.6,171.8
Mar-19,Montreal,534.5,346.5,154.6
Mar-19,Toronto,637.6,328.4,194.8
Mar-19,Vancouver,788.7,326.2,242.8
Mar-19,Edmonton,715,381.3,188.2
Mar-19,Ottawa,631.8,367,172.7
Jun-19,All,636.9,348.3,183.4
Jun-19,Retail,690.9,338.2,205
Jun-19,Office,606.2,361.3,168.3
Jun-19,Industrial,654.8,386.6,169.9
Jun-19,Residential,597.1,297.6,201.2
Jun-19,Calgary,615,362.6,170.1
Jun-19,Montreal,545.7,350.4,156.1
Jun-19,Toronto,651.8,331.9,197
Jun-19,Vancouver,802.5,329.5,244.6
Jun-19,Edmonton,719.5,386.4,186.9
Jun-19,Ottawa,640.2,371.4,172.9
Sep-19,All,646.3,352.3,184
Sep-19,Retail,695.7,341.9,204.3
Sep-19,Office,616.1,365.7,169
Sep-19,Industrial,675.2,391.3,173.1
Sep-19,Residential,606.5,300.5,202.5
Sep-19,Calgary,620.3,367.5,169.3
Sep-19,Montreal,553.1,354.4,156.4
Sep-19,Toronto,664.4,335.3,198.8
Sep-19,Vancouver,815.4,333,245.9
Sep-19,Edmonton,725.7,391.5,186.1
Sep-19,Ottawa,647.2,375.9,172.7
Dec-19,All,659.3,356.2,185.7
Dec-19,Retail,695.2,345.7,201.9
Dec-19,Office,628.5,370,170.3
Dec-19,Industrial,712.1,395.9,180.5
Dec-19,Residential,635.2,303.3,210.1
Dec-19,Calgary,609.6,372.5,164.2
Dec-19,Montreal,563.8,358.4,157.7
Dec-19,Toronto,688.9,338.8,204
Dec-19,Vancouver,838.7,336.5,250.3
Dec-19,Edmonton,716.6,396.4,181.5
Dec-19,Ottawa,662.1,380.4,174.6
Mar-20,All,657.2,360.1,183.1
Mar-20,Retail,676.6,349.3,194.4
Mar-20,Office,631.8,374.4,169.2
Mar-20,Industrial,730.5,400.3,183.1
Mar-20,Residential,644.8,306.1,211.4
Mar-20,Calgary,589.7,377.4,156.7
Mar-20,Montreal,558.8,362,154.7
Mar-20,Toronto,696.2,342.1,204.2
Mar-20,Vancouver,833.4,339.9,246.3
Mar-20,Edmonton,710.7,401.3,177.7
Mar-20,Ottawa,668.2,384.9,174.2
Jun-20,All,646.1,363.6,178.3
Jun-20,Retail,647.2,352.2,184.4
Jun-20,Office,627.8,378.6,166.3
Jun-20,Industrial,734.9,404.7,182.2
Jun-20,Residential,653.1,308.8,212.2
Jun-20,Calgary,571.9,382.1,150.1
Jun-20,Montreal,552.6,365.2,151.7
Jun-20,Toronto,688.5,345.2,200.1
Jun-20,Vancouver,832.5,343.1,243.6
Jun-20,Edmonton,695.4,406,171.9
Jun-20,Ottawa,656.7,389.2,169.3
Sep-20,All,643.3,367.1,175.8
Sep-20,Retail,628.3,355,177.6
Sep-20,Office,628.4,383,164.5
Sep-20,Industrial,758.1,409.4,185.8
Sep-20,Residential,659.2,311.4,212.4
Sep-20,Calgary,560.1,387.3,145
Sep-20,Montreal,556.1,368.1,151.4
Sep-20,Toronto,687.3,348.2,198
Sep-20,Vancouver,837.5,346.4,242.8
Sep-20,Edmonton,675.5,411,164.9
Sep-20,Ottawa,658.9,393.3,168
Dec-20,All,632.6,370.3,171.4
Dec-20,Retail,589.4,356.7,165.8
Dec-20,Office,618.9,387.4,160.2
Dec-20,Industrial,801.4,413.8,194.3
Dec-20,Residential,671.8,313.9,214.7
Dec-20,Calgary,534.1,391.9,136.6
Dec-20,Montreal,541.1,371,146.2
Dec-20,Toronto,684.2,350.9,195.6
Dec-20,Vancouver,821.9,349.3,236.2
Dec-20,Edmonton,654.9,415.5,158.1
Dec-20,Ottawa,666.1,396.9,168.4
Mar-21,All,640,374.1,171.6
Mar-21,Retail,593.7,360.1,165.4
Mar-21,Office,623.9,391.9,159.6
Mar-21,Industrial,828.8,418.3,198.8
Mar-21,Residential,677.4,316.3,214.9
Mar-21,Calgary,538.7,397.6,135.8
Mar-21,Montreal,550.1,374.4,147.3
Mar-21,Toronto,692.2,354.1,196.1
Mar-21,Vancouver,834.6,353,237.4
Mar-21,Edmonton,658.1,421.3,156.7
Mar-21,Ottawa,671.6,401,168
Jun-21,All,650.7,377.8,172.7
Jun-21,Retail,595.7,363.7,164.4
Jun-21,Office,626.7,396.4,158.5
Jun-21,Industrial,891.5,422.6,211.8
Jun-21,Residential,686.6,318.7,216.1
Jun-21,Calgary,534.8,403,133
Jun-21,Montreal,560.3,377.6,148.7
Jun-21,Toronto,706.8,357.2,198.5
Jun-21,Vancouver,860.7,356.7,242.3
Jun-21,Edmonton,666.4,427.2,156.5
Jun-21,Ottawa,675.5,405,167.3
Sep-21,All,663.1,381.9,174.1
Sep-21,Retail,602.8,367.9,164.4
Sep-21,Office,634.3,401.1,158.6
Sep-21,Industrial,940.7,426.9,221.2
Sep-21,Residential,695.3,321.1,217.2
Sep-21,Calgary,541.7,408.8,132.8
Sep-21,Montreal,568.7,381.2,149.5
Sep-21,Toronto,722.4,360.6,201
Sep-21,Vancouver,881.8,360.5,245.7
Sep-21,Edmonton,675.2,432.9,156.5
Sep-21,Ottawa,683.3,409.5,167.4
Dec-21,All,683.4,386,177.6
Dec-21,Retail,606.3,372.2,163.4
Dec-21,Office,634.3,405.6,156.8
Dec-21,Industrial,"1,058.70",431.1,246.6
Dec-21,Residential,720.5,323.7,223.4
Dec-21,Calgary,527.7,415.1,127.4
Dec-21,Montreal,583.9,385.2,151.9
Dec-21,Toronto,759,364,209.2
Dec-21,Vancouver,906.1,363.9,250.1
Dec-21,Edmonton,677.4,438.5,154.9
Dec-21,Ottawa,692.7,413.8,167.9
Mar-22,All,696.9,389.9,179.3
Mar-22,Retail,611.7,376.2,163.1
Mar-22,Office,639,410.4,156.1
Mar-22,Industrial,"1,121.80",435.1,259
Mar-22,Residential,730.1,326.1,224.7
Mar-22,Calgary,536.7,421.5,127.6
Mar-22,Montreal,595.2,388.7,153.5
Mar-22,Toronto,775.3,367.4,211.8
Mar-22,Vancouver,922,367.4,252
Mar-22,Edmonton,687.2,444.1,155.2
Mar-22,Ottawa,702.7,418,168.7
Jun-22,All,705.3,394.2,179.5
Jun-22,Retail,612.8,380.9,161.4
Jun-22,Office,634.3,415.4,153.1
Jun-22,Industrial,"1,183.40",439,270.8
Jun-22,Residential,739.7,328.8,225.7
Jun-22,Calgary,541.6,428.2,126.7
Jun-22,Montreal,608.3,392.8,155.2
Jun-22,Toronto,782.6,371,211.7
Jun-22,Vancouver,935.7,371.1,253.3
Jun-22,Edmonton,696.2,450.1,155.1
Jun-22,Ottawa,698.7,422.5,165.9
Sep-22,All,712.9,398.5,179.5
Sep-22,Retail,615.6,385.7,160.1
Sep-22,Office,634.2,420.4,151.2
Sep-22,Industrial,"1,222.80",442.7,277.5
Sep-22,Residential,749.1,331.5,226.7
Sep-22,Calgary,548.6,435.1,126.3
Sep-22,Montreal,616.5,396.7,155.8
Sep-22,Toronto,791.5,374.6,212.1
Sep-22,Vancouver,942.6,374.9,252.5
Sep-22,Edmonton,700.1,456.1,154
Sep-22,Ottawa,700.1,427.3,164.3
Dec-22,All,692.4,402.7,172.4
Dec-22,Retail,582.2,390.4,149.6
Dec-22,Office,597.6,425.5,140.7
Dec-22,Industrial,"1,239.90",446.4,279
Dec-22,Residential,753.9,334.2,226.4
Dec-22,Calgary,536.1,441.9,121.5
Dec-22,Montreal,595,400.9,148.8
Dec-22,Toronto,763.7,378.1,202.6
Dec-22,Vancouver,916.5,378.6,243.1
Dec-22,Edmonton,694,462.4,150.5
Dec-22,Ottawa,674.6,431.7,156.7
Mar-23,All,695.8,407.2,171.4
Mar-23,Retail,587.8,395.5,149.1
Mar-23,Office,594.4,431,138.2
Mar-23,Industrial,"1,253.90",450.3,279.7
Mar-23,Residential,760.1,337,226.3
Mar-23,Calgary,542.8,449.1,121
Mar-23,Montreal,599,405,148.2
Mar-23,Toronto,764.9,381.9,200.9
Mar-23,Vancouver,923.1,382.5,242.4
Mar-23,Edmonton,703,468.8,150.4
Mar-23,Ottawa,674.5,436.3,155
Jun-23,All,699.9,412,170.4
Jun-23,Retail,593.8,400.7,148.6
Jun-23,Office,592,436.8,135.8
Jun-23,Industrial,"1,269.60",454.5,280.7
Jun-23,Residential,765.6,339.9,226.1
Jun-23,Calgary,550.5,456.6,120.8
Jun-23,Montreal,600.2,409.6,146.9
Jun-23,Toronto,768.2,385.9,199.7
Jun-23,Vancouver,930.1,386.6,241.6
Jun-23,Edmonton,704.8,475.3,148.7
Jun-23,Ottawa,678.6,441.2,154.2
Sep-23,All,702.1,416.9,168.9
Sep-23,Retail,600.6,406.4,148.2
Sep-23,Office,588.2,442.6,133.1
Sep-23,Industrial,"1,270.30",458.8,278.2
Sep-23,Residential,773.8,342.9,226.4
Sep-23,Calgary,556.9,463.8,120.3
Sep-23,Montreal,601.6,414.3,145.5
Sep-23,Toronto,767.8,390.2,197.4
Sep-23,Vancouver,937.6,390.8,240.9
Sep-23,Edmonton,705.7,481.9,146.9
Sep-23,Ottawa,673.5,446.2,151.4